library_id,time_start,time_end,worker
3001,1716494683.360229,1716498145.34711,worker-cb7c6c4c5130033fdb68942b826bc325
3002,1716494683.368728,1716498145.34711,worker-cb7c6c4c5130033fdb68942b826bc325
3003,1716494683.376463,1716498145.34711,worker-cb7c6c4c5130033fdb68942b826bc325
3004,1716494683.384577,1716498145.34711,worker-cb7c6c4c5130033fdb68942b826bc325
