worker_id,time_connected,time_disconnected
worker-cb7c6c4c5130033fdb68942b826bc325,1716494683.35801,1716498134.823696
